{
  "luis_schema_version": "7.0.0",
  "intents": [
    {
      "name": "Book a Table",
      "features": []
    },
    {
      "name": "Cancel booking",
      "features": []
    },
    {
      "name": "None",
      "features": []
    },
    {
      "name": "RescheduleBooking",
      "features": []
    }
  ],
  "entities": [],
  "hierarchicals": [],
  "composites": [],
  "closedLists": [
    {
      "name": "where",
      "subLists": [
        {
          "canonicalForm": "LBNagar",
          "list": [
            "lb",
            "nagar"
          ]
        },
        {
          "canonicalForm": "Madhapur",
          "list": [
            "madhapur",
            "madha"
          ]
        },
        {
          "canonicalForm": "HitechCity",
          "list": [
            "Hitech",
            "city",
            "hcity"
          ]
        }
      ],
      "roles": []
    }
  ],
  "prebuiltEntities": [
    {
      "name": "datetimeV2",
      "roles": []
    },
    {
      "name": "keyPhrase",
      "roles": []
    },
    {
      "name": "number",
      "roles": []
    },
    {
      "name": "ordinal",
      "roles": []
    },
    {
      "name": "personName",
      "roles": []
    }
  ],
  "utterances": [
    {
      "text": "book a table",
      "intent": "Book a Table",
      "entities": []
    },
    {
      "text": "book a table for 3 people at 6pm",
      "intent": "Book a Table",
      "entities": []
    },
    {
      "text": "book a table for 4 persons",
      "intent": "Book a Table",
      "entities": []
    },
    {
      "text": "book a table for afternoon",
      "intent": "Book a Table",
      "entities": []
    },
    {
      "text": "book a table for evening",
      "intent": "Book a Table",
      "entities": []
    },
    {
      "text": "book a table for today evng",
      "intent": "Book a Table",
      "entities": []
    },
    {
      "text": "book a table in madhapur",
      "intent": "Book a Table",
      "entities": []
    },
    {
      "text": "book a table on 23/06/2020",
      "intent": "Book a Table",
      "entities": []
    },
    {
      "text": "book a table on monday morning",
      "intent": "Book a Table",
      "entities": []
    },
    {
      "text": "book a table on the name of ajay",
      "intent": "Book a Table",
      "entities": []
    },
    {
      "text": "book a table tomorrow",
      "intent": "Book a Table",
      "entities": []
    },
    {
      "text": "book table in hitechcity for 4 people on 2nd",
      "intent": "Book a Table",
      "entities": []
    },
    {
      "text": "book table on the name of aakash for 4 persons on 2nd this month at 12pm",
      "intent": "Book a Table",
      "entities": []
    },
    {
      "text": "can u book a table for me",
      "intent": "Book a Table",
      "entities": []
    },
    {
      "text": "can you reserve a table",
      "intent": "Book a Table",
      "entities": []
    },
    {
      "text": "cancel",
      "intent": "Cancel booking",
      "entities": []
    },
    {
      "text": "cancel booking",
      "intent": "Cancel booking",
      "entities": []
    },
    {
      "text": "cancel my reservation",
      "intent": "Cancel booking",
      "entities": []
    },
    {
      "text": "cancel the table",
      "intent": "Cancel booking",
      "entities": []
    },
    {
      "text": "reschedule my booking",
      "intent": "RescheduleBooking",
      "entities": []
    },
    {
      "text": "reschedule my table reservation",
      "intent": "RescheduleBooking",
      "entities": []
    },
    {
      "text": "reserve a table in lbnagar on the name of aakash",
      "intent": "Book a Table",
      "entities": []
    },
    {
      "text": "reserve a table on friday",
      "intent": "Book a Table",
      "entities": []
    },
    {
      "text": "reserve a table on tuesday",
      "intent": "Book a Table",
      "entities": []
    },
    {
      "text": "reserve on the name of padma",
      "intent": "Book a Table",
      "entities": []
    },
    {
      "text": "reserve table for 2nd of this month",
      "intent": "Book a Table",
      "entities": []
    },
    {
      "text": "reserve table on 2nd",
      "intent": "Book a Table",
      "entities": []
    },
    {
      "text": "table for 2 persons",
      "intent": "Book a Table",
      "entities": []
    },
    {
      "text": "table on the name of bablu",
      "intent": "Book a Table",
      "entities": []
    }
  ],
  "versionId": "0.1",
  "name": "HotelReservation",
  "desc": "",
  "culture": "en-us",
  "tokenizerVersion": "1.0.0",
  "patternAnyEntities": [],
  "regex_entities": [],
  "phraselists": [],
  "regex_features": [],
  "patterns": [],
  "settings": []
}