{
  "luis_schema_version": "7.0.0",
  "intents": [
    {
      "name": "Book a Restaurant",
      "features": []
    },
    {
      "name": "None",
      "features": []
    }
  ],
  "entities": [
    {
      "name": "book a restaurant",
      "children": [],
      "roles": [],
      "features": []
    },
    {
      "name": "date",
      "children": [],
      "roles": [],
      "features": []
    }
  ],
  "hierarchicals": [],
  "composites": [],
  "closedLists": [
    {
      "name": "day",
      "subLists": [
        {
          "canonicalForm": "1",
          "list": []
        },
        {
          "canonicalForm": "2",
          "list": []
        },
        {
          "canonicalForm": "3",
          "list": []
        },
        {
          "canonicalForm": "4",
          "list": []
        },
        {
          "canonicalForm": "5",
          "list": []
        }
      ],
      "roles": []
    },
    {
      "name": "month",
      "subLists": [
        {
          "canonicalForm": "Jan",
          "list": []
        },
        {
          "canonicalForm": "July",
          "list": []
        },
        {
          "canonicalForm": "June",
          "list": []
        },
        {
          "canonicalForm": "March",
          "list": []
        },
        {
          "canonicalForm": "Feb",
          "list": []
        },
        {
          "canonicalForm": "April",
          "list": []
        }
      ],
      "roles": []
    },
    {
      "name": "Place",
      "subLists": [
        {
          "canonicalForm": "Hyderabad",
          "list": []
        },
        {
          "canonicalForm": "Secundrabad",
          "list": []
        }
      ],
      "roles": []
    }
  ],
  "prebuiltEntities": [
    {
      "name": "personName",
      "roles": []
    }
  ],
  "utterances": [
    {
      "text": "book a hotel",
      "intent": "Book a Restaurant",
      "entities": [
        {
          "entity": "book a restaurant",
          "startPos": 0,
          "endPos": 11,
          "children": []
        }
      ]
    },
    {
      "text": "book a hotel in hyderabad",
      "intent": "Book a Restaurant",
      "entities": [
        {
          "entity": "book a restaurant",
          "startPos": 0,
          "endPos": 11,
          "children": []
        }
      ]
    },
    {
      "text": "book a restaurant",
      "intent": "Book a Restaurant",
      "entities": [
        {
          "entity": "book a restaurant",
          "startPos": 0,
          "endPos": 16,
          "children": []
        }
      ]
    },
    {
      "text": "book a restaurant on 30 july",
      "intent": "Book a Restaurant",
      "entities": [
        {
          "entity": "book a restaurant",
          "startPos": 0,
          "endPos": 16,
          "children": []
        },
        {
          "entity": "date",
          "startPos": 21,
          "endPos": 27,
          "children": []
        }
      ]
    },
    {
      "text": "book a table",
      "intent": "Book a Restaurant",
      "entities": [
        {
          "entity": "book a restaurant",
          "startPos": 0,
          "endPos": 11,
          "children": []
        }
      ]
    },
    {
      "text": "book restaurant in hyderabad on 12 july",
      "intent": "Book a Restaurant",
      "entities": [
        {
          "entity": "book a restaurant",
          "startPos": 0,
          "endPos": 14,
          "children": []
        }
      ]
    },
    {
      "text": "can you book a restaurant for tommorow",
      "intent": "Book a Restaurant",
      "entities": [
        {
          "entity": "book a restaurant",
          "startPos": 0,
          "endPos": 24,
          "children": []
        },
        {
          "entity": "date",
          "startPos": 30,
          "endPos": 37,
          "children": []
        }
      ]
    },
    {
      "text": "hello world",
      "intent": "None",
      "entities": []
    },
    {
      "text": "how's the weather today",
      "intent": "None",
      "entities": []
    },
    {
      "text": "what can you do",
      "intent": "None",
      "entities": []
    },
    {
      "text": "what is the time now",
      "intent": "None",
      "entities": []
    },
    {
      "text": "what's my name",
      "intent": "None",
      "entities": []
    },
    {
      "text": "what's the weather today",
      "intent": "None",
      "entities": []
    },
    {
      "text": "what's your name",
      "intent": "None",
      "entities": []
    }
  ],
  "versionId": "0.1",
  "name": "Examplep-be50",
  "desc": "Luis Model for CoreBot",
  "culture": "en-us",
  "tokenizerVersion": "1.0.0",
  "patternAnyEntities": [],
  "regex_entities": [],
  "phraselists": [],
  "regex_features": [],
  "patterns": [],
  "settings": []
}